{
  "lr_hubert": 3.6864090428834625e-05,
  "lr_head": 0.00014333499770856763,
  "lambda_supcon": 0.10456136669476407,
  "supcon_temp": 0.07885172567588086,
  "keep_rate": 0.8676377934394799,
  "unfreeze_n": 6
}