{"ce_loss": [1.8062226278150184, 1.4962670889675107, 1.3420800401104822, 1.182668219264756, 1.0499417126560822, 0.9347077259141156, 0.8302675779813375, 0.7618359728501394, 0.7111764769746453, 0.6622343673092178, 0.6213312555168174, 0.6031237749510214, 0.562011830524629, 0.5315327287142158, 0.5176325475908498, 0.48445004590938234, 0.4720795208620083, 0.4480784031459027, 0.42914600105972117, 0.3983261580996884, 0.40172154847015107, 0.39838095782692823, 0.38363766086359435, 0.3592782446459875, 0.35356227746909946, 0.3328877405719195, 0.2855409242344113, 0.30076310567360803, 0.2674766516113459, 0.28146734586993977], "supcon_loss": [2.418105612707953, 2.28141667547389, 2.1905686738144636, 2.1095727613339057, 2.0284339146226897, 1.9772290335251734, 1.9270540702546763, 1.8827216380681746, 1.8120232425693772, 1.784323790643969, 1.7497779193342242, 1.7199687258555338, 1.6620891941154106, 1.6510871459021528, 1.6307528929577932, 1.5820029419966233, 1.5500911648711588, 1.5183380576025727, 1.5048685403715851, 1.449125689191696, 1.4542067049660234, 1.4375859970210965, 1.404085961735656, 1.4035607469387543, 1.3836837728054097, 1.3414108219564471, 1.340208979498627, 1.2978506615528693, 1.255395052779434, 1.2777180199184988], "src_acc": [0.3959668803418803, 0.4906517094017094, 0.5447382478632479, 0.6503739316239316, 0.6533119658119658, 0.7004540598290598, 0.6907051282051282, 0.6975160256410257, 0.7988782051282052, 0.8129006410256411, 0.8271901709401709, 0.8788728632478633, 0.8488247863247863, 0.8770032051282052, 0.8643162393162394, 0.8848824786324786, 0.8796741452991453, 0.9033119658119658, 0.8721955128205128, 0.905448717948718, 0.8868856837606838, 0.8864850427350427, 0.9431089743589743, 0.9037126068376068, 0.9228098290598291, 0.9256143162393162, 0.9479166666666666, 0.9463141025641025, 0.9338942307692307, 0.953659188034188], "tgt_acc": [0.2732142857142857, 0.3375, 0.36428571428571427, 0.5, 0.5392857142857143, 0.5651785714285714, 0.55, 0.5678571428571428, 0.5794642857142858, 0.5580357142857143, 0.5053571428571428, 0.5919642857142857, 0.60625, 0.56875, 0.60625, 0.6107142857142858, 0.6116071428571429, 0.5660714285714286, 0.5866071428571429, 0.6428571428571429, 0.6321428571428571, 0.6241071428571429, 0.625, 0.5892857142857143, 0.5258928571428572, 0.5696428571428571, 0.6125, 0.6142857142857143, 0.59375, 0.6366071428571428]}