{"ce_loss": [1.7856659094492595, 1.477450645250133, 1.271400266350844, 1.1095358840165994, 0.9803530883330566, 0.8897044762459576, 0.8070500957278105, 0.7585276671422597, 0.7138111557588618, 0.6606992988600435, 0.6097187395565785, 0.5879748983818114, 0.5729506485020885, 0.5350233832230935, 0.5123023748135146, 0.44937962935998654, 0.403226067031471, 0.42062540268366283, 0.4159159655364342], "supcon_loss": [0.0, 0.0, 0.0, 0.0, 0.0, 0.0, 0.0, 0.0, 0.0, 0.0, 0.0, 0.0, 0.0, 0.0, 0.0, 0.0, 0.0, 0.0, 0.0], "src_acc": [0.38047542735042733, 0.4706196581196581, 0.5767895299145299, 0.6076388888888888, 0.7102029914529915, 0.6826923076923077, 0.6748130341880342, 0.7680288461538461, 0.7525373931623932, 0.7926014957264957, 0.8096955128205128, 0.8226495726495726, 0.7434561965811965, 0.8695245726495726, 0.8139690170940171, 0.8436164529914529, 0.8579059829059829, 0.8648504273504274, 0.8796741452991453], "tgt_acc": [0.32410714285714287, 0.35982142857142857, 0.42678571428571427, 0.4642857142857143, 0.5285714285714286, 0.5830357142857143, 0.5892857142857143, 0.5419642857142857, 0.6133928571428572, 0.5017857142857143, 0.6053571428571428, 0.5383928571428571, 0.6125, 0.5633928571428571, 0.5598214285714286, 0.5973214285714286, 0.5321428571428571, 0.6026785714285714, 0.6098214285714286]}