{"ce_loss": [1.7829506096676884, 1.4523601469575849, 1.2546179872802181, 1.0779320524416418, 0.9588057515330803, 0.8619669387355829, 0.8061604672390171, 0.7327837515144776, 0.7086549353841533, 0.6340862153113908, 0.6048902948028766, 0.5738753916647954, 0.5390300272733101, 0.5186725956682339, 0.4918461402034403, 0.45307572682698566, 0.45574571282212806, 0.4383591152070902, 0.43334630779269284, 0.41002182038819307, 0.38588898585767, 0.32147436106028277, 0.31489168163130266], "supcon_loss": [0.0, 0.0, 0.0, 0.0, 0.0, 0.0, 0.0, 0.0, 0.0, 0.0, 0.0, 0.0, 0.0, 0.0, 0.0, 0.0, 0.0, 0.0, 0.0, 0.0, 0.0, 0.0, 0.0], "src_acc": [0.0, 0.0, 0.0, 0.0, 0.6681356837606838, 0.6681356837606838, 0.6681356837606838, 0.6681356837606838, 0.6681356837606838, 0.8142361111111112, 0.8142361111111112, 0.8142361111111112, 0.8142361111111112, 0.8142361111111112, 0.8940972222222222, 0.8940972222222222, 0.8940972222222222, 0.8940972222222222, 0.8940972222222222, 0.8967681623931624, 0.8967681623931624, 0.8967681623931624, 0.8967681623931624], "tgt_acc": [0.175, 0.2839285714285714, 0.33035714285714285, 0.4955357142857143, 0.5410714285714285, 0.5160714285714286, 0.5232142857142857, 0.5598214285714286, 0.5857142857142857, 0.5776785714285714, 0.5651785714285714, 0.5285714285714286, 0.5732142857142857, 0.4607142857142857, 0.5991071428571428, 0.5946428571428571, 0.5285714285714286, 0.3964285714285714, 0.4517857142857143, 0.5535714285714286, 0.5517857142857143, 0.5571428571428572, 0.5517857142857143]}